id,salary
0,60000
1,60000
2,60000
3,60000
4,60000
5,60000
6,60000
7,60000
8,60000
9,60000
10,60000
11,60000
12,60000
13,60000
14,60000
15,60000
16,60000
17,60000
18,60000
19,60000
20,60000
21,60000
22,60000
23,60000
24,60000
25,60000
26,60000
27,60000
28,60000
29,60000
30,60000
31,60000
32,60000
33,60000
34,60000
35,60000
36,60000
37,60000
38,60000
39,60000
40,60000
41,60000
42,60000
43,60000
44,60000
45,60000
46,60000
47,60000
48,60000
49,60000
50,60000
51,60000
52,60000
53,60000
54,60000
55,60000
56,60000
57,60000
58,60000
59,60000
60,60000
61,60000
62,60000
63,60000
64,60000
65,60000
66,60000
67,60000
68,60000
69,60000
70,60000
71,60000
72,60000
73,60000
74,60000
75,60000
76,60000
77,60000
78,60000
79,60000
80,60000
81,60000
82,60000
83,60000
84,60000
85,60000
86,60000
87,60000
88,60000
89,60000
90,60000
91,60000
92,60000
93,60000
94,60000
95,60000
96,60000
97,60000
98,60000
99,60000
100,60000
101,60000
102,60000
103,60000
104,60000
105,60000
106,60000
107,60000
108,60000
109,60000
110,60000
111,60000
112,60000
113,60000
114,60000
115,60000
116,60000
117,60000
118,60000
119,60000
120,60000
121,60000
122,60000
123,60000
124,60000
125,60000
126,60000
127,60000
128,60000
129,60000
130,60000
131,60000
132,60000
133,60000
134,60000
135,60000
136,60000
137,60000
138,60000
139,60000
140,60000
141,60000
142,60000
143,60000
144,60000
145,60000
146,60000
147,60000
148,60000
149,60000
150,60000
151,60000
152,60000
153,60000
154,60000
155,60000
156,60000
157,60000
158,60000
159,60000
160,60000
161,60000
162,60000
163,60000
164,60000
165,60000
166,60000
167,60000
168,60000
169,60000
170,60000
171,60000
172,60000
173,60000
174,60000
175,60000
176,60000
177,60000
178,60000
179,60000
180,60000
181,60000
182,60000
183,60000
184,60000
185,60000
186,60000
187,60000
188,60000
189,60000
190,60000
191,60000
192,60000
193,60000
194,60000
195,60000
196,60000
197,60000
198,60000
199,60000
200,60000
201,60000
202,60000
203,60000
204,60000
205,60000
206,60000
207,60000
208,60000
209,60000
210,60000
211,60000
212,60000
213,60000
214,60000
215,60000
216,60000
217,60000
218,60000
219,60000
220,60000
221,60000
222,60000
223,60000
224,60000
225,60000
226,60000
227,60000
228,60000
229,60000
230,60000
231,60000
232,60000
233,60000
234,60000
235,60000
236,60000
237,60000
238,60000
239,60000
240,60000
241,60000
242,60000
243,60000
244,60000
245,60000
246,60000
247,60000
248,60000
249,60000
250,60000
251,60000
252,60000
253,60000
254,60000
255,60000
256,60000
257,60000
258,60000
259,60000
260,60000
261,60000
262,60000
263,60000
264,60000
265,60000
266,60000
267,60000
268,60000
269,60000
270,60000
271,60000
272,60000
273,60000
274,60000
275,60000
276,60000
277,60000
278,60000
279,60000
280,60000
281,60000
282,60000
283,60000
284,60000
285,60000
286,60000
287,60000
288,60000
289,60000
290,60000
291,60000
292,60000
293,60000
294,60000
295,60000
296,60000
297,60000
298,60000
299,60000
300,60000
301,60000
302,60000
303,60000
304,60000
305,60000
306,60000
307,60000
308,60000
309,60000
310,60000
311,60000
312,60000
313,60000
314,60000
315,60000
316,60000
317,60000
318,60000
319,60000
320,60000
321,60000
322,60000
323,60000
324,60000
325,60000
326,60000
327,60000
328,60000
329,60000
330,60000
331,60000
332,60000
333,60000
334,60000
335,60000
336,60000
337,60000
338,60000
339,60000
340,60000
341,60000
342,60000
343,60000
344,60000
345,60000
346,60000
347,60000
348,60000
349,60000
350,60000
351,60000
352,60000
353,60000
354,60000
355,60000
356,60000
357,60000
358,60000
359,60000
360,60000
361,60000
362,60000
363,60000
364,60000
365,60000
366,60000
367,60000
368,60000
369,60000
370,60000
371,60000
372,60000
373,60000
374,60000
375,60000
376,60000
377,60000
378,60000
379,60000
380,60000
381,60000
382,60000
383,60000
384,60000
385,60000
386,60000
387,60000
388,60000
389,60000
390,60000
391,60000
392,60000
393,60000
394,60000
395,60000
396,60000
397,60000
398,60000
399,60000
400,60000
401,60000
402,60000
403,60000
404,60000
405,60000
406,60000
407,60000
408,60000
409,60000
410,60000
411,60000
412,60000
413,60000
414,60000
415,60000
416,60000
417,60000
418,60000
419,60000
420,60000
421,60000
422,60000
423,60000
424,60000
425,60000
426,60000
427,60000
428,60000
429,60000
430,60000
431,60000
432,60000
433,60000
434,60000
435,60000
436,60000
437,60000
438,60000
439,60000
440,60000
441,60000
442,60000
443,60000
444,60000
445,60000
446,60000
447,60000
448,60000
449,60000
450,60000
451,60000
452,60000
453,60000
454,60000
455,60000
456,60000
457,60000
458,60000
459,60000
460,60000
461,60000
462,60000
463,60000
464,60000
465,60000
466,60000
467,60000
468,60000
469,60000
470,60000
471,60000
472,60000
473,60000
474,60000
475,60000
476,60000
477,60000
478,60000
479,60000
480,60000
481,60000
482,60000
483,60000
484,60000
485,60000
486,60000
487,60000
488,60000
489,60000
490,60000
491,60000
492,60000
493,60000
494,60000
495,60000
496,60000
497,60000
498,60000
499,60000
500,60000
501,60000
502,60000
503,60000
504,60000
505,60000
506,60000
507,60000
508,60000
509,60000
510,60000
511,60000
512,60000
513,60000
514,60000
515,60000
516,60000
517,60000
518,60000
519,60000
520,60000
521,60000
522,60000
523,60000
524,60000
525,60000
526,60000
527,60000
528,60000
529,60000
530,60000
531,60000
532,60000
533,60000
534,60000
535,60000
536,60000
537,60000
538,60000
539,60000
540,60000
541,60000
542,60000
543,60000
544,60000
545,60000
546,60000
547,60000
548,60000
549,60000
550,60000
551,60000
552,60000
553,60000
554,60000
555,60000
556,60000
557,60000
558,60000
559,60000
560,60000
561,60000
562,60000
563,60000
564,60000
565,60000
566,60000
567,60000
568,60000
569,60000
570,60000
571,60000
572,60000
573,60000
574,60000
575,60000
576,60000
577,60000
578,60000
579,60000
580,60000
581,60000
582,60000
583,60000
584,60000
585,60000
586,60000
587,60000
588,60000
589,60000
590,60000
591,60000
592,60000
593,60000
594,60000
595,60000
596,60000
597,60000
598,60000
599,60000
600,60000
601,60000
602,60000
603,60000
604,60000
605,60000
606,60000
607,60000
608,60000
609,60000
610,60000
611,60000
612,60000
613,60000
614,60000
615,60000
616,60000
617,60000
618,60000
619,60000
620,60000
621,60000
622,60000
623,60000
624,60000
625,60000
626,60000
627,60000
628,60000
629,60000
630,60000
631,60000
632,60000
633,60000
634,60000
635,60000
636,60000
637,60000
638,60000
639,60000
640,60000
641,60000
642,60000
643,60000
644,60000
645,60000
646,60000
647,60000
648,60000
649,60000
650,60000
651,60000
652,60000
653,60000
654,60000
655,60000
656,60000
657,60000
658,60000
659,60000
660,60000
661,60000
662,60000
663,60000
664,60000
665,60000
666,60000
667,60000
668,60000
669,60000
670,60000
671,60000
672,60000
673,60000
674,60000
675,60000
676,60000
677,60000
678,60000
679,60000
680,60000
681,60000
682,60000
683,60000
684,60000
685,60000
686,60000
687,60000
688,60000
689,60000
690,60000
691,60000
692,60000
693,60000
694,60000
695,60000
696,60000
697,60000
698,60000
699,60000
700,60000
701,60000
702,60000
703,60000
704,60000
705,60000
706,60000
707,60000
708,60000
709,60000
710,60000
711,60000
712,60000
713,60000
714,60000
715,60000
716,60000
717,60000
718,60000
719,60000
720,60000
721,60000
722,60000
723,60000
724,60000
725,60000
726,60000
727,60000
728,60000
729,60000
730,60000
731,60000
732,60000
733,60000
734,60000
735,60000
736,60000
737,60000
738,60000
739,60000
740,60000
741,60000
742,60000
743,60000
744,60000
745,60000
746,60000
747,60000
748,60000
749,60000
750,60000
751,60000
752,60000
753,60000
754,60000
755,60000
756,60000
757,60000
758,60000
759,60000
760,60000
761,60000
762,60000
763,60000
764,60000
765,60000
766,60000
767,60000
768,60000
769,60000
770,60000
771,60000
772,60000
773,60000
774,60000
775,60000
776,60000
777,60000
778,60000
779,60000
780,60000
781,60000
782,60000
783,60000
784,60000
785,60000
786,60000
787,60000
788,60000
789,60000
790,60000
791,60000
792,60000
793,60000
794,60000
795,60000
796,60000
797,60000
798,60000
799,60000
800,60000
801,60000
802,60000
803,60000
804,60000
805,60000
806,60000
807,60000
808,60000
809,60000
810,60000
811,60000
812,60000
813,60000
814,60000
815,60000
816,60000
817,60000
818,60000
819,60000
820,60000
821,60000
822,60000
823,60000
824,60000
825,60000
826,60000
827,60000
828,60000
829,60000
830,60000
831,60000
832,60000
833,60000
834,60000
835,60000
836,60000
837,60000
838,60000
839,60000
840,60000
841,60000
842,60000
843,60000
844,60000
845,60000
846,60000
847,60000
848,60000
849,60000
850,60000
851,60000
852,60000
853,60000
854,60000
855,60000
856,60000
857,60000
858,60000
859,60000
860,60000
861,60000
862,60000
863,60000
864,60000
865,60000
866,60000
867,60000
868,60000
869,60000
870,60000
871,60000
872,60000
873,60000
874,60000
875,60000
876,60000
877,60000
878,60000
879,60000
880,60000
881,60000
882,60000
883,60000
884,60000
885,60000
886,60000
887,60000
888,60000
889,60000
890,60000
891,60000
892,60000
893,60000
894,60000
895,60000
896,60000
897,60000
898,60000
899,60000
900,60000
901,60000
902,60000
903,60000
904,60000
905,60000
906,60000
907,60000
908,60000
909,60000
910,60000
911,60000
912,60000
913,60000
914,60000
915,60000
916,60000
917,60000
918,60000
919,60000
920,60000
921,60000
922,60000
923,60000
924,60000
925,60000
926,60000
927,60000
928,60000
929,60000
930,60000
931,60000
932,60000
933,60000
934,60000
935,60000
936,60000
937,60000
938,60000
939,60000
940,60000
941,60000
942,60000
943,60000
944,60000
945,60000
946,60000
947,60000
948,60000
949,60000
950,60000
951,60000
952,60000
953,60000
954,60000
955,60000
956,60000
957,60000
958,60000
959,60000
960,60000
961,60000
962,60000
963,60000
964,60000
965,60000
966,60000
967,60000
968,60000
969,60000
970,60000
971,60000
972,60000
973,60000
974,60000
975,60000
976,60000
977,60000
978,60000
979,60000
980,60000
981,60000
982,60000
983,60000
984,60000
985,60000
986,60000
987,60000
988,60000
989,60000
990,60000
991,60000
992,60000
993,60000
994,60000
995,60000
996,60000
997,60000
998,60000
999,60000
1000,60000
1001,60000
1002,60000
1003,60000
1004,60000
1005,60000
1006,60000
1007,60000
1008,60000
1009,60000
1010,60000
1011,60000
1012,60000
1013,60000
1014,60000
1015,60000
1016,60000
1017,60000
1018,60000
1019,60000
1020,60000
1021,60000
1022,60000
1023,60000
1024,60000
1025,60000
1026,60000
1027,60000
1028,60000
1029,60000
1030,60000
1031,60000
1032,60000
1033,60000
1034,60000
1035,60000
1036,60000
1037,60000
1038,60000
1039,60000
1040,60000
1041,60000
1042,60000
1043,60000
1044,60000
1045,60000
1046,60000
1047,60000
1048,60000
1049,60000
1050,60000
1051,60000
1052,60000
1053,60000
1054,60000
1055,60000
1056,60000
1057,60000
1058,60000
1059,60000
1060,60000
1061,60000
1062,60000
1063,60000
1064,60000
1065,60000
1066,60000
1067,60000
1068,60000
1069,60000
1070,60000
1071,60000
1072,60000
1073,60000
1074,60000
1075,60000
1076,60000
1077,60000
1078,60000
1079,60000
1080,60000
1081,60000
1082,60000
1083,60000
1084,60000
1085,60000
1086,60000
1087,60000
1088,60000
1089,60000
1090,60000
1091,60000
1092,60000
1093,60000
1094,60000
1095,60000
1096,60000
1097,60000
1098,60000
1099,60000
1100,60000
1101,60000
1102,60000
1103,60000
1104,60000
1105,60000
1106,60000
1107,60000
1108,60000
1109,60000
1110,60000
1111,60000
1112,60000
1113,60000
1114,60000
1115,60000
1116,60000
1117,60000
1118,60000
1119,60000
1120,60000
1121,60000
1122,60000
1123,60000
1124,60000
1125,60000
1126,60000
1127,60000
1128,60000
1129,60000
1130,60000
1131,60000
1132,60000
1133,60000
1134,60000
1135,60000
1136,60000
1137,60000
1138,60000
1139,60000
1140,60000
1141,60000
1142,60000
1143,60000
1144,60000
1145,60000
1146,60000
1147,60000
1148,60000
1149,60000
1150,60000
1151,60000
1152,60000
1153,60000
1154,60000
1155,60000
1156,60000
1157,60000
1158,60000
1159,60000
1160,60000
1161,60000
1162,60000
1163,60000
1164,60000
1165,60000
1166,60000
1167,60000
1168,60000
1169,60000
1170,60000
1171,60000
1172,60000
1173,60000
1174,60000
1175,60000
1176,60000
1177,60000
1178,60000
1179,60000
1180,60000
1181,60000
1182,60000
1183,60000
1184,60000
1185,60000
1186,60000
1187,60000
1188,60000
1189,60000
1190,60000
1191,60000
1192,60000
1193,60000
1194,60000
1195,60000
1196,60000
1197,60000
1198,60000
1199,60000
1200,60000
1201,60000
1202,60000
1203,60000
1204,60000
1205,60000
1206,60000
1207,60000
1208,60000
1209,60000
1210,60000
1211,60000
1212,60000
1213,60000
1214,60000
1215,60000
1216,60000
1217,60000
1218,60000
1219,60000
1220,60000
1221,60000
1222,60000
1223,60000
1224,60000
1225,60000
1226,60000
1227,60000
1228,60000
1229,60000
1230,60000
1231,60000
1232,60000
1233,60000
1234,60000
1235,60000
1236,60000
1237,60000
1238,60000
1239,60000
1240,60000
1241,60000
1242,60000
1243,60000
1244,60000
1245,60000
1246,60000
1247,60000
1248,60000
1249,60000
1250,60000
1251,60000
1252,60000
1253,60000
1254,60000
1255,60000
1256,60000
1257,60000
1258,60000
1259,60000
1260,60000
1261,60000
1262,60000
1263,60000
1264,60000
1265,60000
1266,60000
1267,60000
1268,60000
1269,60000
1270,60000
1271,60000
1272,60000
1273,60000
1274,60000
1275,60000
1276,60000
1277,60000
1278,60000
1279,60000
1280,60000
1281,60000
1282,60000
1283,60000
1284,60000
1285,60000
1286,60000
1287,60000
1288,60000
1289,60000
1290,60000
1291,60000
1292,60000
1293,60000
1294,60000
1295,60000
1296,60000
1297,60000
1298,60000
1299,60000
1300,60000
1301,60000
1302,60000
1303,60000
1304,60000
1305,60000
1306,60000
1307,60000
1308,60000
1309,60000
1310,60000
1311,60000
1312,60000
1313,60000
1314,60000
1315,60000
1316,60000
1317,60000
1318,60000
1319,60000
1320,60000
1321,60000
1322,60000
1323,60000
1324,60000
1325,60000
1326,60000
1327,60000
1328,60000
1329,60000
1330,60000
1331,60000
1332,60000
1333,60000
1334,60000
1335,60000
1336,60000
1337,60000
1338,60000
1339,60000
1340,60000
1341,60000
1342,60000
1343,60000
1344,60000
1345,60000
1346,60000
1347,60000
1348,60000
1349,60000
1350,60000
1351,60000
1352,60000
1353,60000
1354,60000
1355,60000
1356,60000
1357,60000
1358,60000
1359,60000
1360,60000
1361,60000
1362,60000
1363,60000
1364,60000
1365,60000
1366,60000
1367,60000
1368,60000
1369,60000
1370,60000
1371,60000
1372,60000
1373,60000
1374,60000
1375,60000
1376,60000
1377,60000
1378,60000
1379,60000
1380,60000
1381,60000
1382,60000
1383,60000
1384,60000
1385,60000
1386,60000
1387,60000
1388,60000
1389,60000
1390,60000
1391,60000
1392,60000
1393,60000
1394,60000
1395,60000
1396,60000
1397,60000
1398,60000
1399,60000
1400,60000
1401,60000
1402,60000
1403,60000
1404,60000
1405,60000
1406,60000
1407,60000
1408,60000
1409,60000
1410,60000
1411,60000
1412,60000
1413,60000
1414,60000
1415,60000
1416,60000
1417,60000
1418,60000
1419,60000
1420,60000
1421,60000
1422,60000
1423,60000
1424,60000
1425,60000
1426,60000
1427,60000
1428,60000
1429,60000
1430,60000
1431,60000
1432,60000
1433,60000
1434,60000
1435,60000
1436,60000
1437,60000
1438,60000
1439,60000
1440,60000
1441,60000
1442,60000
1443,60000
1444,60000
1445,60000
1446,60000
1447,60000
1448,60000
1449,60000
1450,60000
1451,60000
1452,60000
1453,60000
1454,60000
1455,60000
1456,60000
1457,60000
1458,60000
1459,60000
1460,60000
1461,60000
1462,60000
1463,60000
1464,60000
1465,60000
1466,60000
1467,60000
1468,60000
1469,60000
1470,60000
1471,60000
1472,60000
1473,60000
1474,60000
1475,60000
1476,60000
1477,60000
1478,60000
1479,60000
1480,60000
1481,60000
1482,60000
1483,60000
1484,60000
1485,60000
1486,60000
1487,60000
1488,60000
1489,60000
1490,60000
1491,60000
1492,60000
1493,60000
1494,60000
1495,60000
1496,60000
1497,60000
1498,60000
1499,60000
1500,60000
1501,60000
1502,60000
1503,60000
1504,60000
1505,60000
1506,60000
1507,60000
1508,60000
1509,60000
1510,60000
1511,60000
1512,60000
1513,60000
1514,60000
1515,60000
1516,60000
1517,60000
1518,60000
1519,60000
1520,60000
1521,60000
1522,60000
1523,60000
1524,60000
1525,60000
1526,60000
1527,60000
1528,60000
1529,60000
1530,60000
1531,60000
1532,60000
1533,60000
1534,60000
1535,60000
1536,60000
1537,60000
1538,60000
1539,60000
1540,60000
1541,60000
1542,60000
1543,60000
1544,60000
1545,60000
1546,60000
1547,60000
1548,60000
1549,60000
1550,60000
1551,60000
1552,60000
1553,60000
1554,60000
1555,60000
1556,60000
1557,60000
1558,60000
1559,60000
1560,60000
1561,60000
1562,60000
1563,60000
1564,60000
1565,60000
1566,60000
1567,60000
1568,60000
1569,60000
1570,60000
1571,60000
1572,60000
1573,60000
1574,60000
1575,60000
1576,60000
1577,60000
1578,60000
1579,60000
1580,60000
1581,60000
1582,60000
1583,60000
1584,60000
1585,60000
1586,60000
1587,60000
1588,60000
1589,60000
1590,60000
1591,60000
1592,60000
1593,60000
1594,60000
1595,60000
1596,60000
1597,60000
1598,60000
1599,60000
1600,60000
1601,60000
1602,60000
1603,60000
1604,60000
1605,60000
1606,60000
1607,60000
1608,60000
1609,60000
1610,60000
1611,60000
1612,60000
1613,60000
1614,60000
1615,60000
1616,60000
1617,60000
1618,60000
1619,60000
1620,60000
1621,60000
1622,60000
1623,60000
1624,60000
1625,60000
1626,60000
1627,60000
1628,60000
1629,60000
1630,60000
1631,60000
1632,60000
1633,60000
1634,60000
1635,60000
1636,60000
1637,60000
1638,60000
1639,60000
1640,60000
1641,60000
1642,60000
1643,60000
1644,60000
1645,60000
1646,60000
1647,60000
1648,60000
1649,60000
1650,60000
1651,60000
1652,60000
1653,60000
1654,60000
1655,60000
1656,60000
1657,60000
1658,60000
1659,60000
1660,60000
1661,60000
1662,60000
1663,60000
1664,60000
1665,60000
1666,60000
1667,60000
1668,60000
1669,60000
1670,60000
1671,60000
1672,60000
1673,60000
1674,60000
1675,60000
1676,60000
1677,60000
1678,60000
1679,60000
1680,60000
1681,60000
1682,60000
1683,60000
1684,60000
1685,60000
1686,60000
1687,60000
1688,60000
1689,60000
1690,60000
1691,60000
1692,60000
1693,60000
1694,60000
1695,60000
1696,60000
1697,60000
1698,60000
1699,60000
1700,60000
1701,60000
1702,60000
1703,60000
1704,60000
1705,60000
1706,60000
1707,60000
1708,60000
1709,60000
1710,60000
1711,60000
1712,60000
1713,60000
1714,60000
1715,60000
1716,60000
1717,60000
1718,60000
1719,60000
1720,60000
1721,60000
1722,60000
1723,60000
1724,60000
1725,60000
1726,60000
1727,60000
1728,60000
1729,60000
1730,60000
1731,60000
1732,60000
1733,60000
1734,60000
1735,60000
1736,60000
1737,60000
1738,60000
1739,60000
1740,60000
1741,60000
1742,60000
1743,60000
1744,60000
1745,60000
1746,60000
1747,60000
1748,60000
1749,60000
1750,60000
1751,60000
1752,60000
1753,60000
1754,60000
1755,60000
1756,60000
1757,60000
1758,60000
1759,60000
1760,60000
1761,60000
1762,60000
1763,60000
1764,60000
1765,60000
1766,60000
1767,60000
1768,60000
1769,60000
1770,60000
1771,60000
1772,60000
1773,60000
1774,60000
1775,60000
1776,60000
1777,60000
1778,60000
1779,60000
1780,60000
1781,60000
1782,60000
1783,60000
1784,60000
1785,60000
1786,60000
1787,60000
1788,60000
1789,60000
1790,60000
1791,60000
1792,60000
1793,60000
1794,60000
1795,60000
1796,60000
1797,60000
1798,60000
1799,60000
1800,60000
1801,60000
1802,60000
1803,60000
1804,60000
1805,60000
1806,60000
1807,60000
1808,60000
1809,60000
1810,60000
1811,60000
1812,60000
1813,60000
1814,60000
1815,60000
1816,60000
1817,60000
1818,60000
1819,60000
1820,60000
1821,60000
1822,60000
1823,60000
1824,60000
1825,60000
1826,60000
1827,60000
1828,60000
1829,60000
1830,60000
1831,60000
1832,60000
1833,60000
1834,60000
1835,60000
1836,60000
1837,60000
1838,60000
1839,60000
1840,60000
1841,60000
1842,60000
1843,60000
1844,60000
1845,60000
1846,60000
1847,60000
1848,60000
1849,60000
1850,60000
1851,60000
1852,60000
1853,60000
1854,60000
1855,60000
1856,60000
1857,60000
1858,60000
1859,60000
1860,60000
1861,60000
1862,60000
1863,60000
1864,60000
1865,60000
1866,60000
1867,60000
1868,60000
1869,60000
1870,60000
1871,60000
1872,60000
1873,60000
1874,60000
1875,60000
1876,60000
1877,60000
1878,60000
1879,60000
1880,60000
1881,60000
1882,60000
1883,60000
1884,60000
1885,60000
1886,60000
1887,60000
1888,60000
1889,60000
1890,60000
1891,60000
1892,60000
1893,60000
1894,60000
1895,60000
1896,60000
1897,60000
1898,60000
1899,60000
1900,60000
1901,60000
1902,60000
1903,60000
1904,60000
1905,60000
1906,60000
1907,60000
1908,60000
1909,60000
1910,60000
1911,60000
1912,60000
1913,60000
1914,60000
1915,60000
1916,60000
1917,60000
1918,60000
1919,60000
1920,60000
1921,60000
1922,60000
1923,60000
1924,60000
1925,60000
1926,60000
1927,60000
1928,60000
1929,60000
1930,60000
1931,60000
1932,60000
1933,60000
1934,60000
1935,60000
1936,60000
1937,60000
1938,60000
1939,60000
1940,60000
1941,60000
1942,60000
1943,60000
1944,60000
1945,60000
1946,60000
1947,60000
1948,60000
1949,60000
1950,60000
1951,60000
1952,60000
1953,60000
1954,60000
1955,60000
1956,60000
1957,60000
1958,60000
1959,60000
1960,60000
1961,60000
1962,60000
1963,60000
1964,60000
1965,60000
1966,60000
1967,60000
1968,60000
1969,60000
1970,60000
1971,60000
1972,60000
1973,60000
1974,60000
1975,60000
1976,60000
1977,60000
1978,60000
1979,60000
1980,60000
1981,60000
1982,60000
1983,60000
1984,60000
1985,60000
1986,60000
1987,60000
1988,60000
1989,60000
1990,60000
1991,60000
1992,60000
1993,60000
1994,60000
1995,60000
1996,60000
1997,60000
1998,60000
1999,60000
2000,60000
2001,60000
2002,60000
2003,60000
2004,60000
2005,60000
2006,60000
2007,60000
2008,60000
2009,60000
2010,60000
2011,60000
2012,60000
2013,60000
2014,60000
2015,60000
2016,60000
2017,60000
2018,60000
2019,60000
2020,60000
2021,60000
2022,60000
2023,60000
2024,60000
2025,60000
2026,60000
2027,60000
2028,60000
2029,60000
2030,60000
2031,60000
2032,60000
2033,60000
2034,60000
2035,60000
2036,60000
2037,60000
2038,60000
2039,60000
2040,60000
2041,60000
2042,60000
2043,60000
2044,60000
2045,60000
2046,60000
2047,60000
2048,60000
2049,60000
2050,60000
2051,60000
2052,60000
2053,60000
2054,60000
2055,60000
2056,60000
2057,60000
2058,60000
2059,60000
2060,60000
2061,60000
2062,60000
2063,60000
2064,60000
2065,60000
2066,60000
2067,60000
2068,60000
2069,60000
2070,60000
2071,60000
2072,60000
2073,60000
2074,60000
2075,60000
2076,60000
2077,60000
2078,60000
2079,60000
2080,60000
2081,60000
2082,60000
2083,60000
2084,60000
2085,60000
2086,60000
2087,60000
2088,60000
2089,60000
2090,60000
2091,60000
2092,60000
2093,60000
2094,60000
2095,60000
2096,60000
2097,60000
2098,60000
2099,60000
2100,60000
2101,60000
2102,60000
2103,60000
2104,60000
2105,60000
2106,60000
2107,60000
2108,60000
2109,60000
2110,60000
2111,60000
2112,60000
2113,60000
2114,60000
2115,60000
2116,60000
2117,60000
2118,60000
2119,60000
2120,60000
2121,60000
2122,60000
2123,60000
2124,60000
2125,60000
2126,60000
2127,60000
2128,60000
2129,60000
2130,60000
2131,60000
2132,60000
2133,60000
2134,60000
2135,60000
2136,60000
2137,60000
2138,60000
2139,60000
2140,60000
2141,60000
2142,60000
2143,60000
2144,60000
2145,60000
2146,60000
2147,60000
2148,60000
2149,60000
2150,60000
2151,60000
2152,60000
2153,60000
2154,60000
2155,60000
2156,60000
2157,60000
2158,60000
2159,60000
2160,60000
2161,60000
2162,60000
2163,60000
2164,60000
2165,60000
2166,60000
2167,60000
2168,60000
2169,60000
2170,60000
2171,60000
2172,60000
2173,60000
2174,60000
2175,60000
2176,60000
2177,60000
2178,60000
2179,60000
2180,60000
2181,60000
2182,60000
2183,60000
2184,60000
2185,60000
2186,60000
2187,60000
2188,60000
2189,60000
2190,60000
2191,60000
2192,60000
2193,60000
2194,60000
2195,60000
2196,60000
2197,60000
2198,60000
2199,60000
2200,60000
2201,60000
2202,60000
2203,60000
2204,60000
2205,60000
2206,60000
2207,60000
2208,60000
2209,60000
2210,60000
2211,60000
2212,60000
2213,60000
2214,60000
2215,60000
2216,60000
2217,60000
2218,60000
2219,60000
2220,60000
2221,60000
2222,60000
2223,60000
2224,60000
2225,60000
2226,60000
2227,60000
2228,60000
2229,60000
2230,60000
2231,60000
2232,60000
2233,60000
2234,60000
2235,60000
2236,60000
2237,60000
2238,60000
2239,60000
2240,60000
2241,60000
2242,60000
2243,60000
2244,60000
2245,60000
2246,60000
2247,60000
2248,60000
2249,60000
2250,60000
2251,60000
2252,60000
2253,60000
2254,60000
2255,60000
2256,60000
2257,60000
2258,60000
2259,60000
2260,60000
2261,60000
2262,60000
2263,60000
2264,60000
2265,60000
2266,60000
2267,60000
2268,60000
2269,60000
2270,60000
2271,60000
2272,60000
2273,60000
2274,60000
2275,60000
2276,60000
2277,60000
2278,60000
2279,60000
2280,60000
2281,60000
2282,60000
2283,60000
2284,60000
2285,60000
2286,60000
2287,60000
2288,60000
2289,60000
2290,60000
2291,60000
2292,60000
2293,60000
2294,60000
2295,60000
2296,60000
2297,60000
2298,60000
2299,60000
2300,60000
2301,60000
2302,60000
2303,60000
2304,60000
2305,60000
2306,60000
2307,60000
2308,60000
2309,60000
2310,60000
2311,60000
2312,60000
2313,60000
2314,60000
2315,60000
2316,60000
2317,60000
2318,60000
2319,60000
2320,60000
2321,60000
2322,60000
2323,60000
2324,60000
2325,60000
2326,60000
2327,60000
2328,60000
2329,60000
2330,60000
2331,60000
2332,60000
2333,60000
2334,60000
2335,60000
2336,60000
2337,60000
2338,60000
2339,60000
2340,60000
2341,60000
2342,60000
2343,60000
2344,60000
2345,60000
2346,60000
2347,60000
2348,60000
2349,60000
2350,60000
2351,60000
2352,60000
2353,60000
2354,60000
2355,60000
2356,60000
2357,60000
2358,60000
2359,60000
2360,60000
2361,60000
2362,60000
2363,60000
2364,60000
2365,60000
2366,60000
2367,60000
2368,60000
2369,60000
2370,60000
2371,60000
2372,60000
2373,60000
2374,60000
2375,60000
2376,60000
2377,60000
2378,60000
2379,60000
2380,60000
2381,60000
2382,60000
2383,60000
2384,60000
2385,60000
2386,60000
2387,60000
2388,60000
2389,60000
2390,60000
2391,60000
2392,60000
2393,60000
2394,60000
2395,60000
2396,60000
2397,60000
2398,60000
2399,60000
2400,60000
2401,60000
2402,60000
2403,60000
2404,60000
2405,60000
2406,60000
2407,60000
2408,60000
2409,60000
2410,60000
2411,60000
2412,60000
2413,60000
2414,60000
2415,60000
2416,60000
2417,60000
2418,60000
2419,60000
2420,60000
2421,60000
2422,60000
2423,60000
2424,60000
2425,60000
2426,60000
2427,60000
2428,60000
2429,60000
2430,60000
2431,60000
2432,60000
2433,60000
2434,60000
2435,60000
2436,60000
2437,60000
2438,60000
2439,60000
2440,60000
2441,60000
2442,60000
2443,60000
2444,60000
2445,60000
2446,60000
2447,60000
2448,60000
2449,60000
2450,60000
2451,60000
2452,60000
2453,60000
2454,60000
2455,60000
2456,60000
2457,60000
2458,60000
2459,60000
2460,60000
2461,60000
2462,60000
2463,60000
2464,60000
2465,60000
2466,60000
2467,60000
2468,60000
2469,60000
2470,60000
2471,60000
2472,60000
2473,60000
2474,60000
2475,60000
2476,60000
2477,60000
2478,60000
2479,60000
2480,60000
2481,60000
2482,60000
2483,60000
2484,60000
2485,60000
2486,60000
2487,60000
2488,60000
2489,60000
2490,60000
2491,60000
2492,60000
2493,60000
2494,60000
2495,60000
2496,60000
2497,60000
2498,60000
2499,60000
2500,60000
2501,60000
2502,60000
2503,60000
2504,60000
2505,60000
2506,60000
2507,60000
2508,60000
2509,60000
2510,60000
2511,60000
2512,60000
2513,60000
2514,60000
2515,60000
2516,60000
2517,60000
2518,60000
2519,60000
2520,60000
2521,60000
2522,60000
2523,60000
2524,60000
2525,60000
2526,60000
2527,60000
2528,60000
2529,60000
2530,60000
2531,60000
2532,60000
2533,60000
2534,60000
2535,60000
2536,60000
2537,60000
2538,60000
2539,60000
2540,60000
2541,60000
2542,60000
2543,60000
2544,60000
2545,60000
2546,60000
2547,60000
2548,60000
2549,60000
2550,60000
2551,60000
2552,60000
2553,60000
2554,60000
2555,60000
2556,60000
2557,60000
2558,60000
2559,60000
2560,60000
2561,60000
2562,60000
2563,60000
2564,60000
2565,60000
2566,60000
2567,60000
2568,60000
2569,60000
2570,60000
2571,60000
2572,60000
2573,60000
2574,60000
2575,60000
2576,60000
2577,60000
2578,60000
2579,60000
2580,60000
2581,60000
2582,60000
2583,60000
2584,60000
2585,60000
2586,60000
2587,60000
2588,60000
2589,60000
2590,60000
2591,60000
2592,60000
2593,60000
2594,60000
2595,60000
2596,60000
2597,60000
2598,60000
2599,60000
2600,60000
2601,60000
2602,60000
2603,60000
2604,60000
2605,60000
2606,60000
2607,60000
2608,60000
2609,60000
2610,60000
2611,60000
2612,60000
2613,60000
2614,60000
2615,60000
2616,60000
2617,60000
2618,60000
2619,60000
2620,60000
2621,60000
2622,60000
2623,60000
2624,60000
2625,60000
2626,60000
2627,60000
2628,60000
2629,60000
2630,60000
2631,60000
2632,60000
2633,60000
2634,60000
2635,60000
2636,60000
2637,60000
2638,60000
2639,60000
2640,60000
2641,60000
2642,60000
2643,60000
2644,60000
2645,60000
2646,60000
2647,60000
2648,60000
2649,60000
2650,60000
2651,60000
2652,60000
2653,60000
2654,60000
2655,60000
2656,60000
2657,60000
2658,60000
2659,60000
2660,60000
2661,60000
2662,60000
2663,60000
2664,60000
2665,60000
2666,60000
2667,60000
2668,60000
2669,60000
2670,60000
2671,60000
2672,60000
2673,60000
2674,60000
2675,60000
2676,60000
2677,60000
2678,60000
2679,60000
2680,60000
2681,60000
2682,60000
2683,60000
2684,60000
2685,60000
2686,60000
2687,60000
2688,60000
2689,60000
2690,60000
2691,60000
2692,60000
2693,60000
2694,60000
2695,60000
2696,60000
2697,60000
2698,60000
2699,60000
2700,60000
2701,60000
2702,60000
2703,60000
2704,60000
2705,60000
2706,60000
2707,60000
2708,60000
2709,60000
2710,60000
2711,60000
2712,60000
2713,60000
2714,60000
2715,60000
2716,60000
2717,60000
2718,60000
2719,60000
2720,60000
2721,60000
2722,60000
2723,60000
2724,60000
2725,60000
2726,60000
2727,60000
2728,60000
2729,60000
2730,60000
2731,60000
2732,60000
2733,60000
2734,60000
2735,60000
2736,60000
2737,60000
2738,60000
2739,60000
2740,60000
2741,60000
2742,60000
2743,60000
2744,60000
2745,60000
2746,60000
2747,60000
2748,60000
2749,60000
2750,60000
2751,60000
2752,60000
2753,60000
2754,60000
2755,60000
2756,60000
2757,60000
2758,60000
2759,60000
2760,60000
2761,60000
2762,60000
2763,60000
2764,60000
2765,60000
2766,60000
2767,60000
2768,60000
2769,60000
2770,60000
2771,60000
2772,60000
2773,60000
2774,60000
2775,60000
2776,60000
2777,60000
2778,60000
2779,60000
2780,60000
2781,60000
2782,60000
2783,60000
2784,60000
2785,60000
2786,60000
2787,60000
2788,60000
2789,60000
2790,60000
2791,60000
2792,60000
2793,60000
2794,60000
2795,60000
2796,60000
2797,60000
2798,60000
2799,60000
2800,60000
2801,60000
2802,60000
2803,60000
2804,60000
2805,60000
2806,60000
2807,60000
2808,60000
2809,60000
2810,60000
2811,60000
2812,60000
2813,60000
2814,60000
2815,60000
2816,60000
2817,60000
2818,60000
2819,60000
2820,60000
2821,60000
2822,60000
2823,60000
2824,60000
2825,60000
2826,60000
2827,60000
2828,60000
2829,60000
2830,60000
2831,60000
2832,60000
2833,60000
2834,60000
2835,60000
2836,60000
2837,60000
2838,60000
2839,60000
2840,60000
2841,60000
2842,60000
2843,60000
2844,60000
2845,60000
2846,60000
2847,60000
2848,60000
2849,60000
2850,60000
2851,60000
2852,60000
2853,60000
2854,60000
2855,60000
2856,60000
2857,60000
2858,60000
2859,60000
2860,60000
2861,60000
2862,60000
2863,60000
2864,60000
2865,60000
2866,60000
2867,60000
2868,60000
2869,60000
2870,60000
2871,60000
2872,60000
2873,60000
2874,60000
2875,60000
2876,60000
2877,60000
2878,60000
2879,60000
2880,60000
2881,60000
2882,60000
2883,60000
2884,60000
2885,60000
2886,60000
2887,60000
2888,60000
2889,60000
2890,60000
2891,60000
2892,60000
2893,60000
2894,60000
2895,60000
2896,60000
2897,60000
2898,60000
2899,60000
2900,60000
2901,60000
2902,60000
2903,60000
2904,60000
2905,60000
2906,60000
2907,60000
2908,60000
2909,60000
2910,60000
2911,60000
2912,60000
2913,60000
2914,60000
2915,60000
2916,60000
2917,60000
2918,60000
2919,60000
2920,60000
2921,60000
2922,60000
2923,60000
2924,60000
2925,60000
2926,60000
2927,60000
2928,60000
2929,60000
2930,60000
2931,60000
2932,60000
2933,60000
2934,60000
2935,60000
2936,60000
2937,60000
2938,60000
2939,60000
2940,60000
2941,60000
2942,60000
2943,60000
2944,60000
2945,60000
2946,60000
2947,60000
2948,60000
2949,60000
2950,60000
2951,60000
2952,60000
2953,60000
2954,60000
2955,60000
2956,60000
2957,60000
2958,60000
2959,60000
2960,60000
2961,60000
2962,60000
2963,60000
2964,60000
2965,60000
2966,60000
2967,60000
2968,60000
2969,60000
2970,60000
2971,60000
2972,60000
2973,60000
2974,60000
2975,60000
2976,60000
2977,60000
2978,60000
2979,60000
2980,60000
2981,60000
2982,60000
2983,60000
2984,60000
2985,60000
2986,60000
2987,60000
2988,60000
2989,60000
2990,60000
2991,60000
2992,60000
2993,60000
2994,60000
2995,60000
2996,60000
2997,60000
2998,60000
2999,60000
3000,60000
3001,60000
3002,60000
3003,60000
3004,60000
3005,60000
3006,60000
3007,60000
3008,60000
3009,60000
3010,60000
3011,60000
3012,60000
3013,60000
3014,60000
3015,60000
3016,60000
3017,60000
3018,60000
3019,60000
3020,60000
3021,60000
3022,60000
3023,60000
3024,60000
3025,60000
3026,60000
3027,60000
3028,60000
3029,60000
3030,60000
3031,60000
3032,60000
3033,60000
3034,60000
3035,60000
3036,60000
3037,60000
3038,60000
3039,60000
3040,60000
3041,60000
3042,60000
3043,60000
3044,60000
3045,60000
3046,60000
3047,60000
3048,60000
3049,60000
3050,60000
3051,60000
3052,60000
3053,60000
3054,60000
3055,60000
3056,60000
3057,60000
3058,60000
3059,60000
3060,60000
3061,60000
3062,60000
3063,60000
3064,60000
3065,60000
3066,60000
3067,60000
3068,60000
3069,60000
3070,60000
3071,60000
3072,60000
3073,60000
3074,60000
3075,60000
3076,60000
3077,60000
3078,60000
3079,60000
3080,60000
3081,60000
3082,60000
3083,60000
3084,60000
3085,60000
3086,60000
3087,60000
3088,60000
3089,60000
3090,60000
3091,60000
3092,60000
3093,60000
3094,60000
3095,60000
3096,60000
3097,60000
3098,60000
3099,60000
3100,60000
3101,60000
3102,60000
3103,60000
3104,60000
3105,60000
3106,60000
3107,60000
3108,60000
3109,60000
3110,60000
3111,60000
3112,60000
3113,60000
3114,60000
3115,60000
3116,60000
3117,60000
3118,60000
3119,60000
3120,60000
3121,60000
3122,60000
3123,60000
3124,60000
3125,60000
3126,60000
3127,60000
3128,60000
3129,60000
3130,60000
3131,60000
3132,60000
3133,60000
3134,60000
3135,60000
3136,60000
3137,60000
3138,60000
3139,60000
3140,60000
3141,60000
3142,60000
3143,60000
3144,60000
3145,60000
3146,60000
3147,60000
3148,60000
3149,60000
3150,60000
3151,60000
3152,60000
3153,60000
3154,60000
3155,60000
3156,60000
3157,60000
3158,60000
3159,60000
3160,60000
3161,60000
3162,60000
3163,60000
3164,60000
3165,60000
3166,60000
3167,60000
3168,60000
3169,60000
3170,60000
3171,60000
3172,60000
3173,60000
3174,60000
3175,60000
3176,60000
3177,60000
3178,60000
3179,60000
3180,60000
3181,60000
3182,60000
3183,60000
3184,60000
3185,60000
3186,60000
3187,60000
3188,60000
3189,60000
3190,60000
3191,60000
3192,60000
3193,60000
3194,60000
3195,60000
3196,60000
3197,60000
3198,60000
3199,60000
3200,60000
3201,60000
3202,60000
3203,60000
3204,60000
3205,60000
3206,60000
3207,60000
3208,60000
3209,60000
3210,60000
3211,60000
3212,60000
3213,60000
3214,60000
3215,60000
3216,60000
3217,60000
3218,60000
3219,60000
3220,60000
3221,60000
3222,60000
3223,60000
3224,60000
3225,60000
3226,60000
3227,60000
3228,60000
3229,60000
3230,60000
3231,60000
3232,60000
3233,60000
3234,60000
3235,60000
3236,60000
3237,60000
3238,60000
3239,60000
3240,60000
3241,60000
3242,60000
3243,60000
3244,60000
3245,60000
3246,60000
3247,60000
3248,60000
3249,60000
3250,60000
3251,60000
3252,60000
3253,60000
3254,60000
3255,60000
3256,60000
3257,60000
3258,60000
3259,60000
3260,60000
3261,60000
3262,60000
3263,60000
3264,60000
3265,60000
3266,60000
3267,60000
3268,60000
3269,60000
3270,60000
3271,60000
3272,60000
3273,60000
3274,60000
3275,60000
3276,60000
3277,60000
3278,60000
3279,60000
3280,60000
3281,60000
3282,60000
3283,60000
3284,60000
3285,60000
3286,60000
3287,60000
3288,60000
3289,60000
3290,60000
3291,60000
3292,60000
3293,60000
3294,60000
3295,60000
3296,60000
3297,60000
3298,60000
3299,60000
3300,60000
3301,60000
3302,60000
3303,60000
3304,60000
3305,60000
3306,60000
3307,60000
3308,60000
3309,60000
3310,60000
3311,60000
3312,60000
3313,60000
3314,60000
3315,60000
3316,60000
3317,60000
3318,60000
3319,60000
3320,60000
3321,60000
3322,60000
3323,60000
3324,60000
3325,60000
3326,60000
3327,60000
3328,60000
3329,60000
3330,60000
3331,60000
3332,60000
3333,60000
3334,60000
3335,60000
3336,60000
3337,60000
3338,60000
3339,60000
3340,60000
3341,60000
3342,60000
3343,60000
3344,60000
3345,60000
3346,60000
3347,60000
3348,60000
3349,60000
3350,60000
3351,60000
3352,60000
3353,60000
3354,60000
3355,60000
3356,60000
3357,60000
3358,60000
3359,60000
3360,60000
3361,60000
3362,60000
3363,60000
3364,60000
3365,60000
3366,60000
3367,60000
3368,60000
3369,60000
3370,60000
3371,60000
3372,60000
3373,60000
3374,60000
3375,60000
3376,60000
3377,60000
3378,60000
3379,60000
3380,60000
3381,60000
3382,60000
3383,60000
3384,60000
3385,60000
3386,60000
3387,60000
3388,60000
3389,60000
3390,60000
3391,60000
3392,60000
3393,60000
3394,60000
3395,60000
3396,60000
3397,60000
3398,60000
3399,60000
3400,60000
3401,60000
3402,60000
3403,60000
3404,60000
3405,60000
3406,60000
3407,60000
3408,60000
3409,60000
3410,60000
3411,60000
3412,60000
3413,60000
3414,60000
3415,60000
3416,60000
3417,60000
3418,60000
3419,60000
3420,60000
3421,60000
3422,60000
3423,60000
3424,60000
3425,60000
3426,60000
3427,60000
3428,60000
3429,60000
3430,60000
3431,60000
3432,60000
3433,60000
3434,60000
3435,60000
3436,60000
3437,60000
3438,60000
3439,60000
3440,60000
3441,60000
3442,60000
3443,60000
3444,60000
3445,60000
3446,60000
3447,60000
3448,60000
3449,60000
3450,60000
3451,60000
3452,60000
3453,60000
3454,60000
3455,60000
3456,60000
3457,60000
3458,60000
3459,60000
3460,60000
3461,60000
3462,60000
3463,60000
3464,60000
3465,60000
3466,60000
3467,60000
3468,60000
3469,60000
3470,60000
3471,60000
3472,60000
3473,60000
3474,60000
3475,60000
3476,60000
3477,60000
3478,60000
3479,60000
3480,60000
3481,60000
3482,60000
3483,60000
3484,60000
3485,60000
3486,60000
3487,60000
3488,60000
3489,60000
3490,60000
3491,60000
3492,60000
3493,60000
3494,60000
3495,60000
3496,60000
3497,60000
3498,60000
3499,60000
3500,60000
3501,60000
3502,60000
3503,60000
3504,60000
3505,60000
3506,60000
3507,60000
3508,60000
3509,60000
3510,60000
3511,60000
3512,60000
3513,60000
3514,60000
3515,60000
3516,60000
3517,60000
3518,60000
3519,60000
3520,60000
3521,60000
3522,60000
3523,60000
3524,60000
3525,60000
3526,60000
3527,60000
3528,60000
3529,60000
3530,60000
3531,60000
3532,60000
3533,60000
3534,60000
3535,60000
3536,60000
3537,60000
3538,60000
3539,60000
3540,60000
3541,60000
3542,60000
3543,60000
3544,60000
3545,60000
3546,60000
3547,60000
3548,60000
3549,60000
3550,60000
3551,60000
3552,60000
3553,60000
3554,60000
3555,60000
3556,60000
3557,60000
3558,60000
3559,60000
3560,60000
3561,60000
3562,60000
3563,60000
3564,60000
3565,60000
3566,60000
3567,60000
3568,60000
3569,60000
3570,60000
3571,60000
3572,60000
3573,60000
3574,60000
3575,60000
3576,60000
3577,60000
3578,60000
3579,60000
3580,60000
3581,60000
3582,60000
3583,60000
3584,60000
3585,60000
3586,60000
3587,60000
3588,60000
3589,60000
3590,60000
3591,60000
3592,60000
3593,60000
3594,60000
3595,60000
3596,60000
3597,60000
3598,60000
3599,60000
3600,60000
3601,60000
3602,60000
3603,60000
3604,60000
3605,60000
3606,60000
3607,60000
3608,60000
3609,60000
3610,60000
3611,60000
3612,60000
3613,60000
3614,60000
3615,60000
3616,60000
3617,60000
3618,60000
3619,60000
3620,60000
3621,60000
3622,60000
3623,60000
3624,60000
3625,60000
3626,60000
3627,60000
3628,60000
3629,60000
3630,60000
3631,60000
3632,60000
3633,60000
3634,60000
3635,60000
3636,60000
3637,60000
3638,60000
3639,60000
3640,60000
3641,60000
3642,60000
3643,60000
3644,60000
3645,60000
3646,60000
3647,60000
3648,60000
3649,60000
3650,60000
3651,60000
3652,60000
3653,60000
3654,60000
3655,60000
3656,60000
3657,60000
3658,60000
3659,60000
3660,60000
3661,60000
3662,60000
3663,60000
3664,60000
3665,60000
3666,60000
3667,60000
3668,60000
3669,60000
3670,60000
3671,60000
3672,60000
3673,60000
3674,60000
3675,60000
3676,60000
3677,60000
3678,60000
3679,60000
3680,60000
3681,60000
3682,60000
3683,60000
3684,60000
3685,60000
3686,60000
3687,60000
3688,60000
3689,60000
3690,60000
3691,60000
3692,60000
3693,60000
3694,60000
3695,60000
3696,60000
3697,60000
3698,60000
3699,60000
3700,60000
3701,60000
3702,60000
3703,60000
3704,60000
3705,60000
3706,60000
3707,60000
3708,60000
3709,60000
3710,60000
3711,60000
3712,60000
3713,60000
3714,60000
3715,60000
3716,60000
3717,60000
3718,60000
3719,60000
3720,60000
3721,60000
3722,60000
3723,60000
3724,60000
3725,60000
3726,60000
3727,60000
3728,60000
3729,60000
3730,60000
3731,60000
3732,60000
3733,60000
3734,60000
3735,60000
3736,60000
3737,60000
3738,60000
3739,60000
3740,60000
3741,60000
3742,60000
3743,60000
3744,60000
3745,60000
3746,60000
3747,60000
3748,60000
3749,60000
3750,60000
3751,60000
3752,60000
3753,60000
3754,60000
3755,60000
3756,60000
3757,60000
3758,60000
3759,60000
3760,60000
3761,60000
3762,60000
3763,60000
3764,60000
3765,60000
3766,60000
3767,60000
3768,60000
3769,60000
3770,60000
3771,60000
3772,60000
3773,60000
3774,60000
3775,60000
3776,60000
3777,60000
3778,60000
3779,60000
3780,60000
3781,60000
3782,60000
3783,60000
3784,60000
3785,60000
3786,60000
3787,60000
3788,60000
3789,60000
3790,60000
3791,60000
3792,60000
3793,60000
3794,60000
3795,60000
3796,60000
3797,60000
3798,60000
3799,60000
3800,60000
3801,60000
3802,60000
3803,60000
3804,60000
3805,60000
3806,60000
3807,60000
3808,60000
3809,60000
3810,60000
3811,60000
3812,60000
3813,60000
3814,60000
3815,60000
3816,60000
3817,60000
3818,60000
3819,60000
3820,60000
3821,60000
3822,60000
3823,60000
3824,60000
3825,60000
3826,60000
3827,60000
3828,60000
3829,60000
3830,60000
3831,60000
3832,60000
3833,60000
3834,60000
3835,60000
3836,60000
3837,60000
3838,60000
3839,60000
3840,60000
3841,60000
3842,60000
3843,60000
3844,60000
3845,60000
3846,60000
3847,60000
3848,60000
3849,60000
3850,60000
3851,60000
3852,60000
3853,60000
3854,60000
3855,60000
3856,60000
3857,60000
3858,60000
3859,60000
3860,60000
3861,60000
3862,60000
3863,60000
3864,60000
3865,60000
3866,60000
3867,60000
3868,60000
3869,60000
3870,60000
3871,60000
3872,60000
3873,60000
3874,60000
3875,60000
3876,60000
3877,60000
3878,60000
3879,60000
3880,60000
3881,60000
3882,60000
3883,60000
3884,60000
3885,60000
3886,60000
3887,60000
3888,60000
3889,60000
3890,60000
3891,60000
3892,60000
3893,60000
3894,60000
3895,60000
3896,60000
3897,60000
3898,60000
3899,60000
3900,60000
3901,60000
3902,60000
3903,60000
3904,60000
3905,60000
3906,60000
3907,60000
3908,60000
3909,60000
3910,60000
3911,60000
3912,60000
3913,60000
3914,60000
3915,60000
3916,60000
3917,60000
3918,60000
3919,60000
3920,60000
3921,60000
3922,60000
3923,60000
3924,60000
3925,60000
3926,60000
3927,60000
3928,60000
3929,60000
3930,60000
3931,60000
3932,60000
3933,60000
3934,60000
3935,60000
3936,60000
3937,60000
3938,60000
3939,60000
3940,60000
3941,60000
3942,60000
3943,60000
3944,60000
3945,60000
3946,60000
3947,60000
3948,60000
3949,60000
3950,60000
3951,60000
3952,60000
3953,60000
3954,60000
3955,60000
3956,60000
3957,60000
3958,60000
3959,60000
3960,60000
3961,60000
3962,60000
3963,60000
3964,60000
3965,60000
3966,60000
3967,60000
3968,60000
3969,60000
3970,60000
3971,60000
3972,60000
3973,60000
3974,60000
3975,60000
3976,60000
3977,60000
3978,60000
3979,60000
3980,60000
3981,60000
3982,60000
3983,60000
3984,60000
3985,60000
3986,60000
3987,60000
3988,60000
3989,60000
3990,60000
3991,60000
3992,60000
3993,60000
3994,60000
3995,60000
3996,60000
3997,60000
3998,60000
3999,60000
4000,60000
4001,60000
4002,60000
4003,60000
4004,60000
4005,60000
4006,60000
4007,60000
4008,60000
4009,60000
4010,60000
4011,60000
4012,60000
4013,60000
4014,60000
4015,60000
4016,60000
4017,60000
4018,60000
4019,60000
4020,60000
4021,60000
4022,60000
4023,60000
4024,60000
4025,60000
4026,60000
4027,60000
4028,60000
4029,60000
4030,60000
4031,60000
4032,60000
4033,60000
4034,60000
4035,60000
4036,60000
4037,60000
4038,60000
4039,60000
4040,60000
4041,60000
4042,60000
4043,60000
4044,60000
4045,60000
4046,60000
4047,60000
4048,60000
4049,60000
4050,60000
4051,60000
4052,60000
4053,60000
4054,60000
4055,60000
4056,60000
4057,60000
4058,60000
4059,60000
4060,60000
4061,60000
4062,60000
4063,60000
4064,60000
4065,60000
4066,60000
4067,60000
4068,60000
4069,60000
4070,60000
4071,60000
4072,60000
4073,60000
4074,60000
4075,60000
4076,60000
4077,60000
4078,60000
4079,60000
4080,60000
4081,60000
4082,60000
4083,60000
4084,60000
4085,60000
4086,60000
4087,60000
4088,60000
4089,60000
4090,60000
4091,60000
4092,60000
4093,60000
4094,60000
4095,60000
4096,60000
4097,60000
4098,60000
4099,60000
4100,60000
4101,60000
4102,60000
4103,60000
4104,60000
4105,60000
4106,60000
4107,60000
4108,60000
4109,60000
4110,60000
4111,60000
4112,60000
4113,60000
4114,60000
4115,60000
4116,60000
4117,60000
4118,60000
4119,60000
4120,60000
4121,60000
4122,60000
4123,60000
4124,60000
4125,60000
4126,60000
4127,60000
4128,60000
4129,60000
4130,60000
4131,60000
4132,60000
4133,60000
4134,60000
4135,60000
4136,60000
4137,60000
4138,60000
4139,60000
4140,60000
4141,60000
4142,60000
4143,60000
4144,60000
4145,60000
4146,60000
4147,60000
4148,60000
4149,60000
4150,60000
4151,60000
4152,60000
4153,60000
4154,60000
4155,60000
4156,60000
4157,60000
4158,60000
4159,60000
4160,60000
4161,60000
4162,60000
4163,60000
4164,60000
4165,60000
4166,60000
4167,60000
4168,60000
4169,60000
4170,60000
4171,60000
4172,60000
4173,60000
4174,60000
4175,60000
4176,60000
4177,60000
4178,60000
4179,60000
4180,60000
4181,60000
4182,60000
4183,60000
4184,60000
4185,60000
4186,60000
4187,60000
4188,60000
4189,60000
4190,60000
4191,60000
4192,60000
4193,60000
4194,60000
4195,60000
4196,60000
4197,60000
4198,60000
4199,60000
4200,60000
4201,60000
4202,60000
4203,60000
4204,60000
4205,60000
4206,60000
4207,60000
4208,60000
4209,60000
4210,60000
4211,60000
4212,60000
4213,60000
4214,60000
4215,60000
4216,60000
4217,60000
4218,60000
4219,60000
4220,60000
4221,60000
4222,60000
4223,60000
4224,60000
4225,60000
4226,60000
4227,60000
4228,60000
4229,60000
4230,60000
4231,60000
4232,60000
4233,60000
4234,60000
4235,60000
4236,60000
4237,60000
4238,60000
4239,60000
4240,60000
4241,60000
4242,60000
4243,60000
4244,60000
4245,60000
4246,60000
4247,60000
4248,60000
4249,60000
4250,60000
4251,60000
4252,60000
4253,60000
4254,60000
4255,60000
4256,60000
4257,60000
4258,60000
4259,60000
4260,60000
4261,60000
4262,60000
4263,60000
4264,60000
4265,60000
4266,60000
4267,60000
4268,60000
4269,60000
4270,60000
4271,60000
4272,60000
4273,60000
4274,60000
4275,60000
4276,60000
4277,60000
4278,60000
4279,60000
4280,60000
4281,60000
4282,60000
4283,60000
4284,60000
4285,60000
4286,60000
4287,60000
4288,60000
4289,60000
4290,60000
4291,60000
4292,60000
4293,60000
4294,60000
4295,60000
4296,60000
4297,60000
4298,60000
4299,60000
4300,60000
4301,60000
4302,60000
4303,60000
4304,60000
4305,60000
4306,60000
4307,60000
4308,60000
4309,60000
4310,60000
4311,60000
4312,60000
4313,60000
4314,60000
4315,60000
4316,60000
4317,60000
4318,60000
4319,60000
4320,60000
4321,60000
4322,60000
4323,60000
4324,60000
4325,60000
4326,60000
4327,60000
4328,60000
4329,60000
4330,60000
4331,60000
4332,60000
4333,60000
4334,60000
4335,60000
4336,60000
4337,60000
4338,60000
4339,60000
4340,60000
4341,60000
4342,60000
4343,60000
4344,60000
4345,60000
4346,60000
4347,60000
4348,60000
4349,60000
4350,60000
4351,60000
4352,60000
4353,60000
4354,60000
4355,60000
4356,60000
4357,60000
4358,60000
4359,60000
4360,60000
4361,60000
4362,60000
4363,60000
4364,60000
4365,60000
4366,60000
4367,60000
4368,60000
4369,60000
4370,60000
4371,60000
4372,60000
4373,60000
4374,60000
4375,60000
4376,60000
4377,60000
4378,60000
4379,60000
4380,60000
4381,60000
4382,60000
4383,60000
4384,60000
4385,60000
4386,60000
4387,60000
4388,60000
4389,60000
4390,60000
4391,60000
4392,60000
4393,60000
4394,60000
4395,60000
4396,60000
4397,60000
4398,60000
4399,60000
4400,60000
4401,60000
4402,60000
4403,60000
4404,60000
4405,60000
4406,60000
4407,60000
4408,60000
4409,60000
4410,60000
4411,60000
4412,60000
4413,60000
4414,60000
4415,60000
4416,60000
4417,60000
4418,60000
4419,60000
4420,60000
4421,60000
4422,60000
4423,60000
4424,60000
4425,60000
4426,60000
4427,60000
4428,60000
4429,60000
4430,60000
4431,60000
4432,60000
4433,60000
4434,60000
4435,60000
4436,60000
4437,60000
4438,60000
4439,60000
4440,60000
4441,60000
4442,60000
4443,60000
4444,60000
4445,60000
4446,60000
4447,60000
4448,60000
4449,60000
4450,60000
4451,60000
4452,60000
4453,60000
4454,60000
4455,60000
4456,60000
4457,60000
4458,60000
4459,60000
4460,60000
4461,60000
4462,60000
4463,60000
4464,60000
4465,60000
4466,60000
4467,60000
4468,60000
4469,60000
4470,60000
4471,60000
4472,60000
4473,60000
4474,60000
4475,60000
4476,60000
4477,60000
4478,60000
4479,60000
4480,60000
4481,60000
4482,60000
4483,60000
4484,60000
4485,60000
4486,60000
4487,60000
4488,60000
4489,60000
4490,60000
4491,60000
4492,60000
4493,60000
4494,60000
4495,60000
4496,60000
4497,60000
4498,60000
4499,60000
4500,60000
4501,60000
4502,60000
4503,60000
4504,60000
4505,60000
4506,60000
4507,60000
4508,60000
4509,60000
4510,60000
4511,60000
4512,60000
4513,60000
4514,60000
4515,60000
4516,60000
4517,60000
4518,60000
4519,60000
4520,60000
4521,60000
4522,60000
4523,60000
4524,60000
4525,60000
4526,60000
4527,60000
4528,60000
4529,60000
4530,60000
4531,60000
4532,60000
4533,60000
4534,60000
4535,60000
4536,60000
4537,60000
4538,60000
4539,60000
4540,60000
4541,60000
4542,60000
4543,60000
4544,60000
4545,60000
4546,60000
4547,60000
4548,60000
4549,60000
4550,60000
4551,60000
4552,60000
4553,60000
4554,60000
4555,60000
4556,60000
4557,60000
4558,60000
4559,60000
4560,60000
4561,60000
4562,60000
4563,60000
4564,60000
4565,60000
4566,60000
4567,60000
4568,60000
4569,60000
4570,60000
4571,60000
4572,60000
4573,60000
4574,60000
4575,60000
4576,60000
4577,60000
4578,60000
4579,60000
4580,60000
4581,60000
4582,60000
4583,60000
4584,60000
4585,60000
4586,60000
4587,60000
4588,60000
4589,60000
4590,60000
4591,60000
4592,60000
4593,60000
4594,60000
4595,60000
4596,60000
4597,60000
4598,60000
4599,60000
4600,60000
4601,60000
4602,60000
4603,60000
4604,60000
4605,60000
4606,60000
4607,60000
4608,60000
4609,60000
4610,60000
4611,60000
4612,60000
4613,60000
4614,60000
4615,60000
4616,60000
4617,60000
4618,60000
4619,60000
4620,60000
4621,60000
4622,60000
4623,60000
4624,60000
4625,60000
4626,60000
4627,60000
4628,60000
4629,60000
4630,60000
4631,60000
4632,60000
4633,60000
4634,60000
4635,60000
4636,60000
4637,60000
4638,60000
4639,60000
4640,60000
4641,60000
4642,60000
4643,60000
4644,60000
4645,60000
4646,60000
4647,60000
4648,60000
4649,60000
4650,60000
4651,60000
4652,60000
4653,60000
4654,60000
4655,60000
4656,60000
4657,60000
4658,60000
4659,60000
4660,60000
4661,60000
4662,60000
4663,60000
4664,60000
4665,60000
4666,60000
4667,60000
4668,60000
4669,60000
4670,60000
4671,60000
4672,60000
4673,60000
4674,60000
4675,60000
4676,60000
4677,60000
4678,60000
4679,60000
4680,60000
4681,60000
4682,60000
4683,60000
4684,60000
4685,60000
4686,60000
4687,60000
4688,60000
4689,60000
4690,60000
4691,60000
4692,60000
4693,60000
4694,60000
4695,60000
4696,60000
4697,60000
4698,60000
4699,60000
4700,60000
4701,60000
4702,60000
4703,60000
4704,60000
4705,60000
4706,60000
4707,60000
4708,60000
4709,60000
4710,60000
4711,60000
4712,60000
4713,60000
4714,60000
4715,60000
4716,60000
4717,60000
4718,60000
4719,60000
4720,60000
4721,60000
4722,60000
4723,60000
4724,60000
4725,60000
4726,60000
4727,60000
4728,60000
4729,60000
4730,60000
4731,60000
4732,60000
4733,60000
4734,60000
4735,60000
4736,60000
4737,60000
4738,60000
4739,60000
4740,60000
4741,60000
4742,60000
4743,60000
4744,60000
4745,60000
4746,60000
4747,60000
4748,60000
4749,60000
4750,60000
4751,60000
4752,60000
4753,60000
4754,60000
4755,60000
4756,60000
4757,60000
4758,60000
4759,60000
4760,60000
4761,60000
4762,60000
4763,60000
4764,60000
4765,60000
4766,60000
4767,60000
4768,60000
4769,60000
4770,60000
4771,60000
4772,60000
4773,60000
4774,60000
4775,60000
4776,60000
4777,60000
4778,60000
4779,60000
4780,60000
4781,60000
4782,60000
4783,60000
4784,60000
4785,60000
4786,60000
4787,60000
4788,60000
4789,60000
4790,60000
4791,60000
4792,60000
4793,60000
4794,60000
4795,60000
4796,60000
4797,60000
4798,60000
4799,60000
4800,60000
4801,60000
4802,60000
4803,60000
4804,60000
4805,60000
4806,60000
4807,60000
4808,60000
4809,60000
4810,60000
4811,60000
4812,60000
4813,60000
4814,60000
4815,60000
4816,60000
4817,60000
4818,60000
4819,60000
4820,60000
4821,60000
4822,60000
4823,60000
4824,60000
4825,60000
4826,60000
4827,60000
4828,60000
4829,60000
4830,60000
4831,60000
4832,60000
4833,60000
4834,60000
4835,60000
4836,60000
4837,60000
4838,60000
4839,60000
4840,60000
4841,60000
4842,60000
4843,60000
4844,60000
4845,60000
4846,60000
4847,60000
4848,60000
4849,60000
4850,60000
4851,60000
4852,60000
4853,60000
4854,60000
4855,60000
4856,60000
4857,60000
4858,60000
4859,60000
4860,60000
4861,60000
4862,60000
4863,60000
4864,60000
4865,60000
4866,60000
4867,60000
4868,60000
4869,60000
4870,60000
4871,60000
4872,60000
4873,60000
4874,60000
4875,60000
4876,60000
4877,60000
4878,60000
4879,60000
4880,60000
4881,60000
4882,60000
4883,60000
4884,60000
4885,60000
4886,60000
4887,60000
4888,60000
4889,60000
4890,60000
4891,60000
4892,60000
4893,60000
4894,60000
4895,60000
4896,60000
4897,60000
4898,60000
4899,60000
4900,60000
4901,60000
4902,60000
4903,60000
4904,60000
4905,60000
4906,60000
4907,60000
4908,60000
4909,60000
4910,60000
4911,60000
4912,60000
4913,60000
4914,60000
4915,60000
4916,60000
4917,60000
4918,60000
4919,60000
4920,60000
4921,60000
4922,60000
4923,60000
4924,60000
4925,60000
4926,60000
4927,60000
4928,60000
4929,60000
4930,60000
4931,60000
4932,60000
4933,60000
4934,60000
4935,60000
4936,60000
4937,60000
4938,60000
4939,60000
4940,60000
4941,60000
4942,60000
4943,60000
4944,60000
4945,60000
4946,60000
4947,60000
4948,60000
4949,60000
4950,60000
4951,60000
4952,60000
4953,60000
4954,60000
4955,60000
4956,60000
4957,60000
4958,60000
4959,60000
4960,60000
4961,60000
4962,60000
4963,60000
4964,60000
4965,60000
4966,60000
4967,60000
4968,60000
4969,60000
4970,60000
4971,60000
4972,60000
4973,60000
4974,60000
4975,60000
4976,60000
4977,60000
4978,60000
4979,60000
4980,60000
4981,60000
4982,60000
4983,60000
4984,60000
4985,60000
4986,60000
4987,60000
4988,60000
4989,60000
4990,60000
4991,60000
4992,60000
4993,60000
4994,60000
4995,60000
4996,60000
4997,60000
4998,60000
4999,60000
5000,60000
5001,60000
5002,60000
5003,60000
5004,60000
5005,60000
5006,60000
5007,60000
5008,60000
5009,60000
5010,60000
5011,60000
5012,60000
5013,60000
5014,60000
5015,60000
5016,60000
5017,60000
5018,60000
5019,60000
5020,60000
5021,60000
5022,60000
5023,60000
5024,60000
5025,60000
5026,60000
5027,60000
5028,60000
5029,60000
5030,60000
5031,60000
5032,60000
5033,60000
5034,60000
5035,60000
5036,60000
5037,60000
5038,60000
5039,60000
5040,60000
5041,60000
5042,60000
5043,60000
5044,60000
5045,60000
5046,60000
5047,60000
5048,60000
5049,60000
5050,60000
5051,60000
5052,60000
5053,60000
5054,60000
5055,60000
5056,60000
5057,60000
5058,60000
5059,60000
5060,60000
5061,60000
5062,60000
5063,60000
5064,60000
5065,60000
5066,60000
5067,60000
5068,60000
5069,60000
5070,60000
5071,60000
5072,60000
5073,60000
5074,60000
5075,60000
5076,60000
5077,60000
5078,60000
5079,60000
5080,60000
5081,60000
5082,60000
5083,60000
5084,60000
5085,60000
5086,60000
5087,60000
5088,60000
5089,60000
5090,60000
5091,60000
5092,60000
5093,60000
5094,60000
5095,60000
5096,60000
5097,60000
5098,60000
5099,60000
5100,60000
5101,60000
5102,60000
5103,60000
5104,60000
5105,60000
5106,60000
5107,60000
5108,60000
5109,60000
5110,60000
5111,60000
5112,60000
5113,60000
5114,60000
5115,60000
5116,60000
5117,60000
5118,60000
5119,60000
5120,60000
5121,60000
5122,60000
5123,60000
5124,60000
5125,60000
5126,60000
5127,60000
5128,60000
5129,60000
5130,60000
5131,60000
5132,60000
5133,60000
5134,60000
5135,60000
5136,60000
5137,60000
5138,60000
5139,60000
5140,60000
5141,60000
5142,60000
5143,60000
5144,60000
5145,60000
5146,60000
5147,60000
5148,60000
5149,60000
5150,60000
5151,60000
5152,60000
5153,60000
5154,60000
5155,60000
5156,60000
5157,60000
5158,60000
5159,60000
5160,60000
5161,60000
5162,60000
5163,60000
5164,60000
5165,60000
5166,60000
5167,60000
5168,60000
5169,60000
5170,60000
5171,60000
5172,60000
5173,60000
5174,60000
5175,60000
5176,60000
5177,60000
5178,60000
5179,60000
5180,60000
5181,60000
5182,60000
5183,60000
5184,60000
5185,60000
5186,60000
5187,60000
5188,60000
5189,60000
5190,60000
5191,60000
5192,60000
5193,60000
5194,60000
5195,60000
5196,60000
5197,60000
5198,60000
5199,60000
5200,60000
5201,60000
5202,60000
5203,60000
5204,60000
5205,60000
5206,60000
5207,60000
5208,60000
5209,60000
5210,60000
5211,60000
5212,60000
5213,60000
5214,60000
5215,60000
5216,60000
5217,60000
5218,60000
5219,60000
5220,60000
5221,60000
5222,60000
5223,60000
5224,60000
5225,60000
5226,60000
5227,60000
5228,60000
5229,60000
5230,60000
5231,60000
5232,60000
5233,60000
5234,60000
5235,60000
5236,60000
5237,60000
5238,60000
5239,60000
5240,60000
5241,60000
5242,60000
5243,60000
5244,60000
5245,60000
5246,60000
5247,60000
5248,60000
5249,60000
5250,60000
5251,60000
5252,60000
5253,60000
5254,60000
5255,60000
5256,60000
5257,60000
5258,60000
5259,60000
5260,60000
5261,60000
5262,60000
5263,60000
5264,60000
5265,60000
5266,60000
5267,60000
5268,60000
5269,60000
5270,60000
5271,60000
5272,60000
5273,60000
5274,60000
5275,60000
5276,60000
5277,60000
5278,60000
5279,60000
5280,60000
5281,60000
5282,60000
5283,60000
5284,60000
5285,60000
5286,60000
5287,60000
5288,60000
5289,60000
5290,60000
5291,60000
5292,60000
5293,60000
5294,60000
5295,60000
5296,60000
5297,60000
5298,60000
5299,60000
5300,60000
5301,60000
5302,60000
5303,60000
5304,60000
5305,60000
5306,60000
5307,60000
5308,60000
5309,60000
5310,60000
5311,60000
5312,60000
5313,60000
5314,60000
5315,60000
5316,60000
5317,60000
5318,60000
5319,60000
5320,60000
5321,60000
5322,60000
5323,60000
5324,60000
5325,60000
5326,60000
5327,60000
5328,60000
5329,60000
5330,60000
5331,60000
5332,60000
5333,60000
5334,60000
5335,60000
5336,60000
5337,60000
5338,60000
5339,60000
5340,60000
5341,60000
5342,60000
5343,60000
5344,60000
5345,60000
5346,60000
5347,60000
5348,60000
5349,60000
5350,60000
5351,60000
5352,60000
5353,60000
5354,60000
5355,60000
5356,60000
5357,60000
5358,60000
5359,60000
5360,60000
5361,60000
5362,60000
5363,60000
5364,60000
5365,60000
5366,60000
5367,60000
5368,60000
5369,60000
5370,60000
5371,60000
5372,60000
5373,60000
5374,60000
5375,60000
5376,60000
5377,60000
5378,60000
5379,60000
5380,60000
5381,60000
5382,60000
5383,60000
5384,60000
5385,60000
5386,60000
5387,60000
5388,60000
5389,60000
5390,60000
5391,60000
5392,60000
5393,60000
5394,60000
5395,60000
5396,60000
5397,60000
5398,60000
5399,60000
5400,60000
5401,60000
5402,60000
5403,60000
5404,60000
5405,60000
5406,60000
5407,60000
5408,60000
5409,60000
5410,60000
5411,60000
5412,60000
5413,60000
5414,60000
5415,60000
5416,60000
5417,60000
5418,60000
5419,60000
5420,60000
5421,60000
5422,60000
5423,60000
5424,60000
5425,60000
5426,60000
5427,60000
5428,60000
5429,60000
5430,60000
5431,60000
5432,60000
5433,60000
5434,60000
5435,60000
5436,60000
5437,60000
5438,60000
5439,60000
5440,60000
5441,60000
5442,60000
5443,60000
5444,60000
5445,60000
5446,60000
5447,60000
5448,60000
5449,60000
5450,60000
5451,60000
5452,60000
5453,60000
5454,60000
5455,60000
5456,60000
5457,60000
5458,60000
5459,60000
5460,60000
5461,60000
5462,60000
5463,60000
5464,60000
5465,60000
5466,60000
5467,60000
5468,60000
5469,60000
5470,60000
5471,60000
5472,60000
5473,60000
5474,60000
5475,60000
5476,60000
5477,60000
5478,60000
5479,60000
5480,60000
5481,60000
5482,60000
5483,60000
5484,60000
5485,60000
5486,60000
5487,60000
5488,60000
5489,60000
5490,60000
5491,60000
5492,60000
5493,60000
5494,60000
5495,60000
5496,60000
5497,60000
5498,60000
5499,60000
5500,60000
5501,60000
5502,60000
5503,60000
5504,60000
5505,60000
5506,60000
5507,60000
5508,60000
5509,60000
5510,60000
5511,60000
5512,60000
5513,60000
5514,60000
5515,60000
5516,60000
5517,60000
5518,60000
5519,60000
5520,60000
5521,60000
5522,60000
5523,60000
5524,60000
5525,60000
5526,60000
5527,60000
5528,60000
5529,60000
5530,60000
5531,60000
5532,60000
5533,60000
5534,60000
5535,60000
5536,60000
5537,60000
5538,60000
5539,60000
5540,60000
5541,60000
5542,60000
